,precision,recall,f1-score,support
0,0.5748031496062992,0.6822429906542056,0.6239316239316239,107.0
1,0.5342465753424658,0.41935483870967744,0.46987951807228917,93.0
accuracy,0.56,0.56,0.56,0.56
macro avg,0.5545248624743825,0.5507989146819415,0.5469055710019566,200.0
weighted avg,0.5559443425736167,0.56,0.5522973947070332,200.0
