feature,importance
age,0.2044587098456697
height,0.16152647587857488
BMI,0.16088157870755726
weight,0.15669145964164485
cholesterol,0.060923594315502747
blood_sugar,0.04920456605720492
glucose,0.044714856141368074
smoking,0.02823039268954104
drinking,0.028135760001802564
exercise,0.02739190778873552
gym,0.026214563171517522
yoga,0.025858065137352403
gender,0.025768070623528472
